customer_id,customer_name,email,registration_date,customer_type
1,Liam Chaudry,bakshianvi@example.org,2025-08-19,REGULAR
2,Tejas Kaul,samiazad@example.org,2025-02-12,REGULAR
3,Arunima Ahuja,issaconi@example.org,2025-11-17,VIP
4,Tanveer Nayar,pahaloak@example.com,2023-11-29,VIP
5,Caleb Sharaf,wchatterjee@example.com,2025-03-18,REGULAR
6,Rehaan Boase,jbrar@example.com,2023-09-28,REGULAR
7,Lajita Mall,bimalabuch@example.org,2024-12-17,REGULAR
8,Ekbal Garg,nicholas55@example.org,2025-03-16,VIP
9,Theodore Nair,nihalshere@example.com,2026-02-17,REGULAR
10,Amrita Bhatti,karnikazad@example.com,2024-03-27,VIP
11,Luke Lanka,simon76@example.net,2024-01-09,REGULAR
12,Lakshit Upadhyay,priya96@example.com,2025-01-30,PREMIUM
13,Pahal Bhatt,choudharymichael@example.net,2024-10-03,REGULAR
14,Ishwar Yadav,qwadhwa@example.net,2025-11-08,REGULAR
15,Aarush Lall,isaac46@example.org,2026-07-09,PREMIUM
16,Yashica Issac,yashicacherian@example.net,2024-01-23,REGULAR
17,Isaac Patil,aadinaik@example.com,2026-03-29,PREMIUM
18,Frederick Sunder,wriddhish03@example.net,2026-01-19,PREMIUM
19,Alka Wable,kabirsoman@example.net,2026-03-22,PREMIUM
20,Devika Rastogi,ikakar@example.net,2026-08-03,REGULAR
21,Umang Bhatt,raksha87@example.org,2024-08-13,VIP
22,Veer Bir,thomasamble@example.org,2026-04-27,PREMIUM
23,Tanish Zacharia,ekavir83@example.com,2024-01-01,PREMIUM
24,Ranveer Chandra,ykibe@example.com,2023-11-23,VIP
25,Chatura Chaudhari,bpandya@example.com,2023-10-14,PREMIUM
26,Logan Sami,ikbal33@example.org,2024-02-26,VIP
27,Chandresh Zachariah,ekrish@example.com,2026-02-10,VIP
28,Vasana Kala,khalsaojas@example.com,2026-03-13,PREMIUM
29,Alka Sha,galaladli@example.org,2024-06-16,REGULAR
30,Dalbir Bhat,mdubey@example.com,2025-11-05,PREMIUM
31,Dakshesh Trivedi,bedivansha@example.net,2023-11-04,VIP
32,Netra Dar,ekapadbir@example.net,2026-06-05,REGULAR
33,Advika Jayaraman,balveerbumb@example.com,2025-08-12,REGULAR
34,Tanvi Mutti,william46@example.org,2026-05-23,VIP
35,Ethan Yogi,andratara@example.net,2024-03-29,VIP
36,Bhavani Dugar,kevin51@example.org,2024-12-01,VIP
37,Krish Lalla,abhiram84@example.net,2023-12-13,VIP
38,Hemal Jani,dugalanita@example.com,2025-08-31,PREMIUM
39,Pallavi Malhotra,yashasvi74@example.org,2023-09-26,VIP
40,Prisha Andra,kalpit42@example.net,2023-12-09,REGULAR
41,Qushi Datta,balendrapingle@example.net,2023-09-23,REGULAR
42,Harshil Pandya,balveer53@example.net,2025-12-11,REGULAR
43,Nitara Bakshi,pdubey@example.org,2024-02-21,PREMIUM
44,Lavanya Barad,nisha34@example.org,2026-03-07,REGULAR
45,Vedant Kapoor,ryansharma@example.com,2023-09-03,VIP
46,Arya Panchal,mohininarasimhan@example.com,2025-07-12,PREMIUM
47,Advika Gokhale,vyadav@example.org,2025-05-06,PREMIUM
48,Dipta Sarin,balvan19@example.com,2025-06-03,VIP
49,Rajata Agarwal,rajanranveer@example.com,2025-02-28,PREMIUM
50,Dipta Dash,janujasankar@example.org,2025-10-05,VIP
51,Chakrika Datta,yashica46@example.com,2024-03-06,PREMIUM
52,Nidra Acharya,nghosh@example.net,2024-07-07,PREMIUM
53,Riya Kala,qushinagy@example.com,2025-02-19,PREMIUM
54,Girik Keer,fradomander@example.net,2025-08-15,REGULAR
55,Yash Soman,rushildin@example.org,2025-06-08,REGULAR
56,Leena Talwar,shahoeshi@example.net,2024-10-20,REGULAR
57,Patrick Vasa,abdulchhabra@example.com,2024-12-30,REGULAR
58,Edhitha Savant,jairajshan@example.org,2025-06-10,PREMIUM
59,Shivani Lad,ksehgal@example.net,2025-11-09,PREMIUM
60,Bhavika Keer,vedhika34@example.com,2024-06-01,PREMIUM
61,Michael Kala,faris22@example.org,2023-10-18,VIP
62,David Jhaveri,inarayanan@example.com,2026-02-06,REGULAR
63,Vansha Ahuja,wbahri@example.net,2026-06-07,REGULAR
64,Vinaya Kanda,madhavi68@example.net,2024-06-03,VIP
65,Noah Sibal,ybalakrishnan@example.com,2026-05-12,VIP
66,Krishna Shenoy,rameshavi@example.org,2024-02-24,PREMIUM
67,Geetika Raghavan,ladli53@example.com,2024-06-08,PREMIUM
68,Charles Palla,fkrishnan@,2024-04-10,VIP
69,Anmol Dua,bariaazaan@example.org,2024-04-26,VIP
70,Aahana Pillay,kcontractor@example.org,2024-02-08,VIP
71,Devika Prashad,gadedeepa@example.org,2024-10-16,VIP
72,Jai Barman,faqidkibe@example.org,2024-08-23,REGULAR
73,Advik Salvi,eprabhakar@example.net,2026-01-26,REGULAR
74,Michael Saran,santjanaki@example.net,2024-02-18,VIP
75,Ekantika Korpal,veda76@example.net,2026-02-04,VIP
76,Ladli Nayar,mallickshravya@example.org,2023-09-09,REGULAR
77,Harini Mammen,qabil73@example.com,2026-03-30,PREMIUM
78,Niharika Suresh,advaith83@example.org,2025-04-08,PREMIUM
79,Girik Menon,vamakshiswaminathan@example.com,2024-04-07,REGULAR
80,Pavani Narayanan,daminipillay@example.com,2024-08-28,REGULAR
81,Jai Hans,tmadan@example.com,2024-07-19,PREMIUM
82,Aradhana Vohra,rehaankalita@example.net,2025-05-24,VIP
83,Praneel Mittal,harichaman@example.org,2023-08-24,REGULAR
84,Jonathan Swaminathan,anushabath@example.org,2023-11-29,VIP
85,Harini Gour,maneupasna@example.com,2026-07-02,VIP
86,Ethan Bera,vanya11@example.com,2024-01-22,PREMIUM
87,Upkaar Virk,frederick31@example.net,2024-09-28,VIP
88,Darpan Chaudhary,lmishra@example.com,2026-06-12,VIP
89,Naksh Khatri,siddharthlalla@example.net,2024-02-15,PREMIUM
90,Upma Manne,dugaraarnav@example.com,2023-09-13,VIP
91,Aishani Hora,barkha71@example.net,2024-11-16,PREMIUM
92,Darpan Gandhi,manthanlata@example.org,2025-12-24,PREMIUM
93,Neha Magar,reva17@example.net,2025-02-07,REGULAR
94,Rachana Naidu,fsarma@example.net,2025-05-31,REGULAR
95,Amruta Baria,chandveer@example.net,2025-11-22,REGULAR
96,Arunima Golla,upmavenkataraman@example.net,2026-08-05,REGULAR
97,Nilima Nath,fswamy@example.com,2024-07-25,VIP
98,Bhavya Rattan,dyalforum@example.com,2026-01-16,REGULAR
99,Ekiya D’Alia,shagaurang@example.com,2026-07-07,PREMIUM
100,Odika Bhagat,avarkey@example.net,2024-03-01,REGULAR
101,Karan Mani,wishi70@example.org,2024-12-01,PREMIUM
102,Nathan Mukhopadhyay,bdara@example.net,2025-04-03,REGULAR
103,Jacob Dube,ochander@example.org,2025-02-05,VIP
104,Yagnesh Shan,yashodhara46@example.com,2025-04-04,REGULAR
105,Ekaraj Majumdar,mhalder@example.net,2025-12-02,PREMIUM
106,Aarnav Mandal,yoak@example.net,2025-10-12,REGULAR
107,Hemani Natarajan,cdixit@example.net,2025-04-04,PREMIUM
108,Leela Kaur,ushah@example.org,2026-03-04,PREMIUM
109,Lakshmi Raju,ubassi@example.net,2026-07-27,REGULAR
110,Harish Sarraf,warhibansal@example.org,2023-11-26,VIP
111,Mohammed Borde,uaurora@example.org,2025-01-04,PREMIUM
112,Falguni Walla,hamsini96@example.net,2024-09-28,REGULAR
113,Wahab Mani,vinaya80@example.net,2026-08-06,REGULAR
114,Sachi Ganesan,sarafguneet@example.net,2025-09-07,REGULAR
115,Jagrati Prasad,batraekta@example.org,2024-11-23,PREMIUM
116,Farhan Raja,nishagole@example.org,2025-06-18,REGULAR
117,Aachal Sharaf,widishadhar@example.org,2024-05-14,VIP
118,Ethan Sathe,shroffbhavna@example.net,2026-06-09,VIP
119,Leena Subramanian,panini47@example.com,2023-12-03,REGULAR
120,Anthony Randhawa,kparmer@example.com,2024-06-04,REGULAR
121,Theodore Gupta,tanejabhavini@example.org,2025-06-19,PREMIUM
122,Bahadurjit Patla,gunbirbaral@example.com,2025-10-19,PREMIUM
123,Parth Iyer,merchanteta@example.net,2023-12-31,REGULAR
124,Chakrika Nigam,yachana42@example.com,2026-01-06,PREMIUM
125,Jasmit Chana,jborra@example.org,2025-12-22,PREMIUM
126,Adweta Raj,lallajatin@example.com,2026-01-26,VIP
127,Timothy Bhatnagar,hritik37@example.org,2025-07-05,VIP
128,Logan Bath,pmittal@example.com,2026-06-11,PREMIUM
129,Lipika Setty,waida11@example.org,2024-09-18,PREMIUM
130,Vrishti Reddy,adubey@example.net,2026-06-03,REGULAR
131,Warinder Patil,bachittar53@example.com,2023-11-25,VIP
132,Jason Sha,jagrati06@example.com,2023-11-17,PREMIUM
133,Jeremiah Jha,anshbedi@example.com,2023-10-23,VIP
134,Aarnav Malhotra,tarakkaul@example.com,2026-03-06,VIP
135,Imaran Bal,kalpitzachariah@example.com,2023-12-31,VIP
136,Alka Ben,wazir95@example.org,2023-12-25,REGULAR
137,Vamakshi Sen,hvora@example.net,2025-12-08,REGULAR
138,Charvi Shanker,sethyahvi@example.org,2025-07-14,REGULAR
139,Hritik Swaminathan,bhatvarenya@example.com,2025-09-27,VIP
140,Dominic Date,fborah@example.com,2024-06-05,VIP
141,Yashasvi Sani,lakshmi98@example.com,2023-11-25,REGULAR
142,Odika Nori,kalequshi@example.com,2026-01-31,VIP
143,Prisha Munshi,usagar@example.org,2025-08-06,PREMIUM
144,Girik Sankaran,michael71@example.org,2023-11-22,REGULAR
145,Jason Roy,kalpit80@example.net,2024-08-30,PREMIUM
146,Indira Chawla,sbehl@example.net,2025-05-03,PREMIUM
147,Inaya Pillai,mohammedsubramaniam@example.org,2023-12-12,VIP
148,Amara Balakrishnan,upkaar68@example.net,2024-02-22,PREMIUM
149,Nandini Boase,harinakshi50@example.org,2024-01-11,REGULAR
150,Sudiksha Om,chandtanveerexample.com,2024-01-28,REGULAR
151,Nachiket Dugar,ekta99@example.org,2025-11-12,VIP
152,Vedika Sathe,bumbanita@example.com,2024-11-04,PREMIUM
153,Indrajit Mander,yauvanicomar@example.com,2025-08-21,REGULAR
154,Thomas Rana,qvyas@example.com,2026-07-22,REGULAR
155,Laksh Kumer,amblesamarth@example.com,2024-06-21,VIP
156,Parth Dayal,amblewidisha@example.net,2024-09-28,VIP
157,Brijesh Sarin,xitipandya@example.org,2023-08-29,VIP
158,Omisha Mann,munshipushti@example.net,2023-12-13,VIP
159,Janaki Chakrabarti,naironveer@example.net,2024-11-29,PREMIUM
160,Farhan Randhawa,kohlirajata@example.net,2026-03-20,REGULAR
161,Yashvi Hari,timothy52@example.org,2026-04-27,REGULAR
162,Aahana Hora,indali23@example.org,2024-02-15,REGULAR
163,Ucchal Sen,faqidgoel@example.net,2025-08-24,REGULAR
164,Riya Mitter,diya27@example.org,2025-12-28,VIP
165,Triya Seth,pandeyyashica@example.org,2023-09-19,PREMIUM
166,Turvi Barman,bhavini11@example.net,2024-12-13,VIP
167,David Seshadri,ekantasoni@example.net,2023-11-30,VIP
168,Raksha Sarna,frado82@example.org,2025-03-05,REGULAR
169,Nilima Nigam,janujapradhan@example.com,2025-08-22,PREMIUM
170,Libni Mander,nattdominic@example.com,2024-05-11,REGULAR
171,Inaya Mukherjee,gauribumbexample.net,2026-07-04,VIP
172,Dayita Puri,mdayal@example.net,2025-07-14,REGULAR
173,Yashoda Pathak,joshua81@example.net,2023-08-28,VIP
174,Upkaar Devan,pranit35@example.com,2024-01-25,VIP
175,Gayathri Deep,harrison88example.net,2025-05-24,VIP
176,Raksha Bassi,nicholasgolla@example.net,2024-11-01,VIP
177,Vivaan Walla,sachimane@example.net,2024-04-27,PREMIUM
178,Triya Manda,xhari@example.net,2025-12-08,REGULAR
179,Zashil Ben,medwin@example.net,2025-07-11,REGULAR
180,Naveen Mahajan,harshil81@example.com,2024-12-13,REGULAR
181,Ikshita Bala,rajeshrichand@example.org,2024-11-05,REGULAR
182,Finn Prasad,xthakkar@example.org,2024-04-11,VIP
183,Bhavini Sodhi,hardik52@example.org,2025-09-09,VIP
184,Fariq Bahl,upasnasen@example.net,2024-05-15,PREMIUM
185,Charvi Dara,pallavichoudhry@example.com,2023-09-30,VIP
186,Amol Varma,eshankar@example.org,2025-04-30,REGULAR
187,Wridesh Saha,bishakhasanghvi@example.org,2024-03-01,REGULAR
188,Madhavi Singhal,viswanathanjalsa@example.org,2023-09-25,REGULAR
189,Ishanvi Bir,qprakash@example.net,2024-08-20,PREMIUM
190,Hamsini Gill,natarajankiaan@example.org,2026-02-04,PREMIUM
191,Dev Shankar,osrinivas@example.org,2023-09-18,VIP
192,Dayita Varma,calebiyengar@example.org,2024-10-18,PREMIUM
193,Bhavika Parikh,ckulkarni@example.net,2026-03-10,VIP
194,Rajeshri Ratta,narulaanjali@example.org,2025-10-31,REGULAR
195,Jhalak Venkataraman,lnori@example.com,2024-05-27,REGULAR
196,Chaaya Nagi,samrafarhan@example.com,2023-11-29,PREMIUM
197,Ojas Sawhney,chakrika47@example.net,2024-08-28,REGULAR
198,Falan Ravi,panditradhika@example.com,2024-09-10,VIP
199,Bakhshi Date,azaandhar@example.net,2023-10-21,PREMIUM
200,Shivani Prabhakar,janaki69@example.org,2024-09-19,REGULAR
201,Arya Krish,devanjeevika@example.com,2026-06-26,PREMIUM
202,Jacob Lala,grewalxalak@example.net,2025-12-05,VIP
203,Ryan Das,nkala@example.com,2024-01-04,VIP
204,Gagan Nagarajan,sethorinder@example.net,2025-08-09,REGULAR
205,Janaki Trivedi,mannancharita@example.org,2024-04-10,PREMIUM
206,Jalsa Pillay,liamkhalsa@example.com,2025-01-02,PREMIUM
207,Varenya Vora,gabrielbhatti@example.com,2024-11-01,VIP
208,Shivani Shukla,iborah@example.com,2025-08-23,VIP
209,Rachita Thakkar,kabir89@example.org,2026-05-03,PREMIUM
210,Nitesh Edwin,dashzarna@example.org,2024-07-27,VIP
211,Zashil Hegde,hiralvenkataraman@example.com,2025-07-05,VIP
212,Yadavi Ganguly,jeremiah49@example.net,2025-05-18,REGULAR
213,Ayush Bumb,onveernazareth@example.net,2023-09-27,REGULAR
214,Widisha Mann,shivansh96@example.net,2025-07-12,VIP
215,Elijah Bhasin,vasudha36@example.com,2024-01-29,VIP
216,Maanas Munshi,dsule@example.org,2026-03-10,REGULAR
217,Eiravati Khurana,hemani62@example.com,2025-01-01,REGULAR
218,Bina Rajagopalan,shivani32@example.org,2026-03-13,PREMIUM
219,Ranveer Dutta,kkothari@example.com,2025-02-05,VIP
220,Gautam Ramaswamy,ttara@example.com,2025-02-12,VIP
221,Baghyawati Talwar,tanveerpandit@example.org,2025-05-24,VIP
222,Raagini Desai,imangal@example.org,2026-04-02,PREMIUM
223,Robert Patil,neha50@example.com,2025-04-06,VIP
224,Jagat Dave,rajuyamini@example.com,2026-07-12,REGULAR
225,Maanas Issac,yprakash@example.com,2025-05-30,VIP
226,Laksh Nath,ctella@example.org,2026-01-06,VIP
227,Falak Nagar,mdixit@example.net,2024-02-03,REGULAR
228,Chandani Soman,gayathri88@example.net,2026-01-19,PREMIUM
229,Avi Som,garima16@example.net,2024-05-26,REGULAR
230,Manbir Kibe,charansrinivasan@example.org,2023-09-12,REGULAR
231,Omya Doshi,halderanirudh@example.com,2024-11-03,VIP
232,David Devi,nirjathaker@example.net,2025-02-27,PREMIUM
233,Tripti Walia,vanya86@example.com,2024-08-18,PREMIUM
234,Arya Misra,aishani97@example.org,2024-04-11,VIP
235,Ikshita Mahal,bhavya37@example.com,2024-06-19,VIP
236,Brijesh Mani,wrana@example.org,2026-06-21,REGULAR
237,Varenya Kala,palriya@example.net,2024-03-17,VIP
238,Xavier Bedi,anita21@example.net,2025-08-12,PREMIUM
239,Ganga Sodhi,virajben@example.org,2023-11-27,REGULAR
240,Vansha Iyengar,abduldugar@example.com,2025-11-14,REGULAR
241,Baljiwan Gill,ekani40@example.org,2024-11-09,REGULAR
242,Bimala Barad,balhaarranganathan@example.com,2023-08-19,REGULAR
243,Krish Thaman,nayakbhavani@example.com,2025-01-02,VIP
244,Aarini Grewal,isaiahnarayanan@example.org,2023-08-24,REGULAR
245,Prisha Varma,chakrika93@example.org,2024-08-02,VIP
246,Ekiya Kothari,lchandran@example.org,2023-08-16,VIP
247,Chasmum Apte,ckeer@example.com,2024-05-21,PREMIUM
248,Nathaniel Ravi,warinder01@example.com,2025-08-29,REGULAR
249,Theodore Deol,jacob45@example.net,2025-01-14,REGULAR
250,Tejas Kota,aprakash@example.net,2025-08-23,REGULAR
251,Faras Choudhury,vorasanya@example.net,2023-10-15,REGULAR
252,Jackson Jha,masongala@example.com,2025-10-02,VIP
253,Sudiksha Deo,gchand@example.com,2025-02-21,REGULAR
254,Anthony Randhawa,jbhardwaj@example.com,2024-05-13,REGULAR
255,Hemangini Bhatt,kamdarelijah@example.org,2025-03-24,PREMIUM
256,Nilima Gole,biswasurmi@example.org,2025-11-28,VIP
257,Keya Buch,yprasad@example.com,2025-08-26,PREMIUM
258,Joshua Kapoor,ijayadani@example.org,2026-02-08,VIP
259,Ladli Karpe,misraubika@example.net,2024-05-06,PREMIUM
260,Azad Saini,mohammed43@example.net,2025-06-12,VIP
261,Bahadurjit Sekhon,khoslasamuel@example.org,2025-05-25,REGULAR
262,Vivaan Zacharia,kondachaitanya@example.com,2024-04-03,PREMIUM
263,Eiravati Nagi,deyyahvi@example.com,2024-04-24,REGULAR
264,Darsh Gill,timothysachdev@example.com,2025-06-25,PREMIUM
265,Eiravati Saha,dtandon@example.com,2024-10-29,VIP
266,Umang Mital,krisha28@example.com,2026-03-05,REGULAR
267,Omaja Wagle,ubikabhardwaj@example.net,2024-01-02,REGULAR
268,Shivani Prabhakar,aadhyajani@example.com,2023-11-18,REGULAR
269,Elijah Guha,charanloyal@example.com,2026-01-06,PREMIUM
270,Alexander Kakar,varenyajoshi@example.com,2026-06-01,REGULAR
271,Mekhala Khatri,srinivasxavier@example.net,2025-04-05,REGULAR
272,Darika Lal,lajita78@example.net,2024-09-06,REGULAR
273,Ekaja Jani,gshukla@example.net,2024-09-18,REGULAR
274,Amol Lal,kbath@example.org,2025-04-06,PREMIUM
275,Victor Raghavan,jmerchant@example.org,2025-04-24,PREMIUM
276,Vritti Sharma,xalaknazareth@example.com,2024-02-09,PREMIUM
277,Daniel Viswanathan,omkaar28@example.com,2023-09-15,VIP
278,Vihaan Bir,bavaabeer@example.com,2025-09-22,REGULAR
279,Darpan Subramanian,kamdaryashasvi@example.com,2025-07-31,VIP
280,Anvi Wason,ahujanisha@example.org,2026-07-15,REGULAR
281,Gopal Viswanathan,thakkarqushi@example.org,2024-01-19,PREMIUM
282,Farhan Prakash,zayyanpandya@example.com,2026-06-25,PREMIUM
283,Faris Balay,skohli@example.org,2023-11-19,VIP
284,Aditya Garg,jpurohit@example.com,2023-11-07,VIP
285,Victor Kakar,knarula@example.org,2026-04-22,PREMIUM
286,Bachittar Gola,cmadan@example.org,2026-05-22,PREMIUM
287,Faraj Mistry,amol39@example.org,2024-02-03,PREMIUM
288,Logan Brar,lopazachariah@example.com,2025-02-07,VIP
289,Harini Ranganathan,chatresh16@example.org,2026-07-05,VIP
290,Ishani Prashad,ayushman47@example.com,2024-11-24,PREMIUM
291,Yatin Borah,xchada@example.net,2023-11-06,VIP
292,Edhitha Patel,lajitadube@example.net,2023-12-03,PREMIUM
293,Harsh Deo,morarsai@example.com,2023-11-12,VIP
294,Harshil Bal,jsen@example.net,2023-11-15,VIP
295,Odika Rama,nairlekha@example.org,2025-12-09,PREMIUM
296,Amruta Mitra,omkaarrai@example.org,2024-05-29,PREMIUM
297,Oviya Mistry,devganesh@example.com,2025-01-20,REGULAR
298,Rohan Shankar,patelzayan@example.org,2023-12-04,PREMIUM
299,Forum Sarraf,abeer65@example.net,2024-08-09,PREMIUM
300,Varenya Murthy,charitanagi@example.net,2024-02-19,PREMIUM
301,Xavier Nanda,snagar@example.net,2024-09-24,REGULAR
302,Pranit Bala,hpatla@example.net,2026-06-18,VIP
303,Nilima Tata,ckadakia@example.com,2024-01-08,PREMIUM
304,Krishna Borah,wyatt42@example.net,2024-12-13,REGULAR
305,Balhaar Parsa,irattan@example.net,2025-09-15,VIP
306,Ojas Basu,choprayuvraj@example.net,2025-04-17,REGULAR
307,Advaith Chaudhari,ynarula@example.com,2024-05-18,REGULAR
308,Xiti Dora,sanayaprasad@example.com,2024-08-21,VIP
309,Frederick D’Alia,subramanianhenry@example.com,2026-02-05,REGULAR
310,Samuel Verma,ijayamuni@example.com,2025-01-19,REGULAR
311,Eiravati Bhavsar,cchatterjee@example.net,2024-07-03,REGULAR
312,Nitesh Kohli,bajajhemal@example.net,2025-02-24,PREMIUM
313,Nidhi Gour,gangasandhu@example.com,2024-02-29,REGULAR
314,Shivani Sanghvi,brandhawa@example.net,2024-10-08,VIP
315,Harsh Yadav,sameshmallick@example.net,2024-02-29,REGULAR
316,Dhriti Rama,ronith71@example.com,2025-06-08,REGULAR
317,Chameli Chad,pallindira@example.com,2025-08-14,PREMIUM
318,Kashvi Dhaliwal,jacob34@example.org,2025-02-18,PREMIUM
319,Quincy Sur,kdevi@example.com,2025-07-05,VIP
320,Rachit Murty,ojassuri@example.com,2026-02-16,VIP
321,Robert Rajagopalan,parmeraditya@example.com,2026-06-30,VIP
322,Sachi Suresh,rrege@example.com,2024-02-08,VIP
323,Umang Yogi,kannanbrinda@example.org,2024-06-20,VIP
324,Ishaan Loyal,jtandon@example.net,2025-12-05,REGULAR
325,Harsh Kota,benjamin78@example.org,2024-06-30,VIP
326,Reva Dalal,senguptaadya@example.com,2025-12-06,PREMIUM
327,Noah Dewan,shauryapanchal@example.net,2025-12-16,VIP
328,Om Naik,danielpanchal@example.net,2026-07-16,VIP
329,Krishna Sabharwal,bimala94@example.net,2026-05-11,REGULAR
330,Yug Ramaswamy,jonathan23@example.org,2025-01-26,PREMIUM
331,Neha Varma,oeshi67@example.org,2025-11-07,PREMIUM
332,Girik Shanker,suhani75@example.net,2025-07-04,PREMIUM
333,Siddharth Talwar,dev86@example.org,2024-05-29,PREMIUM
334,Hemal Bava,geetika89@example.org,2023-09-28,VIP
335,Tanmayi Acharya,hbabu@example.org,2026-07-31,PREMIUM
336,Nathan Mahal,sjain@example.org,2023-11-19,VIP
337,Charles Randhawa,zashil15@example.net,2025-06-24,PREMIUM
338,Aarav Kala,pushtichand@example.net,2025-01-12,VIP
339,Aditya Anand,upkaarvenkataraman@example.net,2025-09-09,PREMIUM
340,Veer Rajagopal,samikevin@example.com,2023-11-14,REGULAR
341,Laksh Raja,chauhandhriti@example.com,2025-12-03,PREMIUM
342,Nitesh Sarraf,lukebiswas@example.net,2024-08-27,PREMIUM
343,Teerth Chadha,maxsabharwal@example.net,2026-04-17,VIP
344,Divya Dey,jatinrajagopalan@example.com,2024-05-06,REGULAR
345,Charvi Jha,kotharibhavani@example.net,2025-02-26,PREMIUM
346,Wriddhish Talwar,manyamerchant@example.net,2024-10-04,REGULAR
347,Jalsa Nadig,xalakbobal@example.net,2023-12-31,PREMIUM
348,Urishilla Bora,ipau@example.net,2023-08-27,VIP
349,Darpan Rao,atwaladweta@example.org,2025-02-14,PREMIUM
350,Michael Mall,ssampath@example.com,2023-11-08,VIP
351,Mahika Bhatti,vaidyasamar@example.org,2024-07-13,REGULAR
352,Radha D’Alia,dkhare@example.org,2024-12-17,PREMIUM
353,Laksh Apte,moreparth@example.org,2024-02-04,REGULAR
354,Amruta Dalal,zansi42@example.com,2025-12-01,VIP
355,Adya Bose,nayakpushti@example.com,2025-02-02,PREMIUM
356,Nakul Kumer,christopher79@example.org,2025-12-03,REGULAR
357,Advik Konda,kariyashodhara@example.org,2023-09-28,PREMIUM
358,Udarsh Nagy,leela22@example.org,2024-05-07,PREMIUM
359,Yadavi Ben,anika19@example.com,2024-02-21,PREMIUM
360,Deepa Narang,rattanekapad@example.com,2023-11-11,VIP
361,Daksha Kibe,xanand@example.org,2024-12-29,VIP
362,Matthew Ahuja,uhayre@example.net,2026-05-26,PREMIUM
363,Gautami Agarwal,kaulhiral@example.net,2025-11-17,PREMIUM
364,Oni Swamy,gmohanty@example.org,2026-06-27,REGULAR
365,Zinal Sachar,atichander@example.org,2025-09-15,REGULAR
366,Meera Borde,tara19@example.org,2025-05-18,VIP
367,Advika Murty,sarankalpit@example.org,2026-05-19,VIP
368,Vivaan Borde,unarain@example.com,2026-06-08,REGULAR
369,Shivani Shukla,ikbaldugal@example.org,2024-07-18,PREMIUM
370,Darika Sheth,wasonishita@example.org,2024-05-25,VIP
371,Banjeet Kale,chananakul@example.net,2026-02-10,REGULAR
372,Yochana Bawa,manbir13@example.com,2025-08-20,PREMIUM
373,Girindra Shere,owen06@example.com,2023-11-28,REGULAR
374,Kalpit Hora,jairajarora@example.org,2026-01-27,VIP
375,Anthony Bhattacharyya,frado99@example.com,2024-03-12,PREMIUM
376,Brijesh Shenoy,fdave@example.com,2023-10-03,REGULAR
377,Pooja Gera,frana@example.org,2024-08-30,VIP
378,Bakhshi Korpal,anvimammen@example.com,2025-07-18,VIP
379,Gagan Mammen,jsabharwal@example.com,2024-10-01,PREMIUM
380,Anirudh Raja,piyengar@example.net,2025-12-12,REGULAR
381,Lipika Madan,varsha87@example.com,2024-02-22,PREMIUM
382,Ishita Kaul,theodore04@example.org,2026-07-11,PREMIUM
383,Theodore Rama,kotawridesh@example.com,2024-08-31,REGULAR
384,Jagrati Bala,patrickkhalsa@example.net,2025-09-17,PREMIUM
385,Parth Swaminathan,lucky93@example.com,2023-09-19,REGULAR
386,Aadi Narula,kaultheodore@example.org,2026-05-11,REGULAR
387,Ekiya Bhargava,kalpitoak@example.net,2023-09-02,VIP
388,Kashvi Randhawa,indrajitvora@example.com,2025-05-12,REGULAR
389,Vidhi Nadig,chasmum52@example.org,2024-02-15,PREMIUM
390,Chaitaly Datta,udant92@example.com,2024-02-19,REGULAR
391,Timothy Chawla,ramanbachittar@example.org,2026-05-31,PREMIUM
392,Ekaja Ganesh,garimabrahmbhatt@example.org,2025-07-06,VIP
393,Shaurya Krish,nayaksanya@example.org,2025-09-06,VIP
394,Raksha Saini,aahana10@example.org,2026-07-06,PREMIUM
395,Harrison Srinivas,ytailor@example.com,2025-12-20,VIP
396,Chaitaly Bahri,nicholasseth@example.org,2024-07-23,PREMIUM
397,Naveen Borde,borahhema@example.org,2025-03-30,REGULAR
398,Raagini Gala,nigamvasudha@example.net,2025-06-04,VIP
399,Samesh Gupta,ddugar@example.org,2024-10-30,REGULAR
400,Maya Swaminathan,baghyawati43@example.org,2024-01-24,PREMIUM
401,Ryan Chatterjee,aarush61@example.com,2023-09-06,REGULAR
402,Darika Rao,bishakhabumb@example.com,2025-01-06,VIP
403,Lakshmi Pingle,gavin86@example.org,2024-02-29,REGULAR
404,Upkaar Luthra,lallria@example.com,2025-04-18,VIP
405,Odika Karan,gunbirchada@example.net,2025-04-06,PREMIUM
406,Warinder Soni,avirk@example.net,2024-07-01,PREMIUM
407,Jai Sen,gbanerjee@example.net,2024-02-14,VIP
408,Pallavi Brar,siddharthhans@example.org,2026-07-27,REGULAR
409,Ekaja Bhavsar,ojaggi@example.org,2023-11-12,PREMIUM
410,Advik Virk,rnanda@example.net,2025-12-12,VIP
411,Hitesh Chaudhuri,sachdevamason@example.org,2025-12-17,REGULAR
412,Urvashi Barad,nirja46@example.net,2024-02-13,VIP
413,Balvan Randhawa,ndhawan@example.net,2026-04-09,REGULAR
414,Anmol Nazareth,wazir07@example.com,2026-01-20,REGULAR
415,Vedant Desai,deepa47@example.net,2024-07-03,REGULAR
416,Gaurav Guha,rnagi@example.net,2024-12-05,VIP
417,Daksh Varma,wsundaram@example.net,2025-12-23,VIP
418,Ayush Ghose,mukhopadhyayyashawini@example.com,2024-03-07,PREMIUM
419,Chandresh Patel,dalbirkrish@example.org,2025-09-19,VIP
420,Azaan Khurana,jyoti78@example.com,2024-09-20,PREMIUM
421,Hemangini Gade,egoel@example.net,2026-02-12,VIP
422,Nicholas Kala,gautam40@example.com,2026-03-05,PREMIUM
423,Yochana Bahri,samuelluthra@example.net,2026-03-13,REGULAR
424,Abhiram Kapur,somkevin@example.net,2024-05-11,VIP
425,Zayyan Kamdar,anvi66@example.com,2025-01-01,PREMIUM
426,Barkha Misra,achaudry@example.net,2025-08-28,REGULAR
427,Aradhana Lal,vbhatt@example.com,2025-07-28,VIP
428,Netra Nagarajan,raghav28@example.org,2025-08-24,REGULAR
429,Nidhi Rama,tankchakrika@example.com,2025-10-24,VIP
430,Jagrati Tripathi,hemalkapadia@example.net,2024-07-03,VIP
431,Kabir Kuruvilla,pratyushmemon@example.org,2025-10-11,REGULAR
432,Udant Mohanty,gautamichakraborty@example.org,2024-11-11,VIP
433,Jacob Singhal,kamya49@example.com,2023-10-06,PREMIUM
434,Lakshmi Wagle,sodhirobert@example.net,2024-06-30,VIP
435,Nimrat Shankar,doralaksh@example.org,2024-01-12,PREMIUM
436,Dhriti Bhardwaj,farissura@example.com,2023-08-14,PREMIUM
437,Gaurang Dayal,shaurya29@example.org,2025-06-12,PREMIUM
438,Aayush Barad,braval@example.com,2025-03-16,REGULAR
439,Aayush Kothari,akshay58@example.org,2024-04-12,PREMIUM
440,Oliver Bhattacharyya,devika21@example.com,2026-01-27,PREMIUM
441,Radha Desai,bina78@example.net,2024-08-18,PREMIUM
442,Netra Bahl,wparmer@example.org,2024-04-15,VIP
443,Jatin Peri,siddharthbains@example.net,2025-09-26,REGULAR
444,Chanakya Chokshi,prashadaadhya@example.net,2025-07-25,PREMIUM
445,Lajita Dasgupta,bavajack@example.com,2025-03-30,PREMIUM
446,Charvi Salvi,ndua@example.net,2025-08-03,REGULAR
447,Barkha Comar,laksh61@example.net,2025-12-16,VIP
448,Saksham Parmar,missac@example.org,2025-09-17,REGULAR
449,Vasana Narayanan,naveen08@example.com,2024-04-22,PREMIUM
450,Manthan Chana,chakrabortyindrajit@example.net,2025-12-10,PREMIUM
451,Tanmayi Minhas,chaudhuriaahana@example.net,2024-05-24,REGULAR
452,Jagvi Munshi,chaudhryowen@example.org,2024-11-17,VIP
453,Onkar Narasimhan,chandranchakradev@example.org,2024-09-03,PREMIUM
454,Hema Goswami,uloyal@example.org,2023-12-11,VIP
455,Oviya Ganesan,rshan@example.com,2023-12-10,REGULAR
456,Raksha Golla,duttahemang@example.com,2025-06-09,VIP
457,Nisha Sastry,ayush27@example.com,2023-09-28,VIP
458,Hamsini Venkataraman,dipta08@example.net,2025-03-04,VIP
459,Lekha Dixit,santyuvraj@,2026-02-13,REGULAR
460,Warhi Gandhi,aptenaksh@example.net,2023-10-30,REGULAR
461,Chandresh Tripathi,pnagi@example.com,2024-04-09,REGULAR
462,Sachi Sem,prau@example.org,2023-11-13,REGULAR
463,Andrew Chauhan,usekhon@example.org,2024-10-24,VIP
464,Yashoda Jhaveri,acharyagavin@example.net,2025-07-26,VIP
465,Suhani Narula,xom@example.org,2025-04-13,PREMIUM
466,Gunbir Kapadia,tpatla@example.com,2023-08-11,REGULAR
467,Chakradev Gala,bishakha88@example.com,2025-01-29,REGULAR
468,Raghav Dara,qchhabra@example.net,2026-05-24,VIP
469,Hritik Sachdeva,dkale@example.org,2023-09-28,REGULAR
470,Wishi Agrawal,seshadritanvi@example.net,2025-03-12,PREMIUM
471,Oscar Dave,santvasudha@example.net,2023-11-30,PREMIUM
472,Anusha Rao,yamini66@example.net,2026-06-30,VIP
473,Dipta Kalla,sneha22@example.com,2024-03-16,REGULAR
474,Jack Pandey,hemani22@example.net,2025-04-16,PREMIUM
475,Hredhaan Bakshi,swalla@example.com,2024-09-29,VIP
476,Bhavini Krishna,bhallaryan@example.com,2024-01-16,PREMIUM
477,Jagrati Sethi,merchantsamar@example.net,2023-11-29,PREMIUM
478,Champak Raj,lopakhanna@example.net,2024-10-06,PREMIUM
479,Umang Pillai,chatura04@example.org,2025-11-13,VIP
480,Falan Grover,rishimenon@example.com,2026-06-28,PREMIUM
481,Aishani De,purohitbanjeet@example.com,2024-02-01,VIP
482,Balveer Dube,abdul57@example.net,2026-05-22,PREMIUM
483,Elijah Nadkarni,mitravritti@example.net,2025-03-06,PREMIUM
484,Netra Chanda,ekanshtiwari@example.org,2024-08-25,VIP
485,Tejas Wali,garimanarula@example.com,2025-01-10,PREMIUM
486,Yagnesh Baral,contractorhiral@example.com,2025-08-26,VIP
487,Aryan Varughese,lakshmi16@example.com,2026-01-26,VIP
488,Chaman Hans,yoshita87@example.com,2024-07-25,PREMIUM
489,Dominic Kade,charoliver@example.net,2025-08-12,REGULAR
490,Ekbal Dube,paninichawla@example.org,2023-09-04,VIP
491,Zayan Bobal,baljiwan11@example.org,2025-04-30,REGULAR
492,Nidhi Sant,aarnareddy@example.com,2024-07-20,PREMIUM
493,Chakradev Bora,idani@example.org,2024-09-04,PREMIUM
494,Baghyawati Sarma,manncharviexample.net,2024-09-30,PREMIUM
495,Laban Raman,somnaksh@example.net,2025-12-29,REGULAR
496,Jatin Barman,maanas45@example.org,2023-08-14,PREMIUM
497,Shivansh Padmanabhan,jyogi@example.org,2024-03-28,VIP
498,Rishi Contractor,naveengour@example.org,2024-02-23,REGULAR
499,Zashil Chaudhari,shenoyelijah@example.com,2024-03-12,VIP
500,Harish Mane,wnarayanan@example.org,2025-06-17,PREMIUM
