product_id,product_name,category,subcategory,cost_price
1,Earum Plus,Home,Decor,435.26
2,Ipsum Pro,Home,Kitchen,3205.36
3,Placeat Classic,Electronics,Laptop,325.36
4,Odio Premium,Electronics,Laptop,2702.71
5,Iure Classic,Clothing,Men,3136.58
6,Sint Classic,Clothing,Women,2351.9
7,Unde Premium,Electronics,Laptop,2264.48
8,Inventore Premium,Home,Decor,1325.48
9,Voluptate Plus,Home,Kitchen,1968.69
10,Reprehenderit Premium,Home,Decor,4891.93
11,Dolor Pro,Books,Education,3748.88
12,Recusandae Plus,Electronics,Accessories,3901.13
13,Reiciendis Premium,Clothing,Kids,1328.07
14,Maiores Pro,Clothing,Kids,1613.77
15,Ipsam Premium,Books,Fiction,1546.04
16,Nobis Classic,Books,Fiction,4860.3
17,Dolores Premium,Home,Kitchen,4840.18
18,Ab Premium,Home,Decor,468.97
19,Ipsam Plus,Clothing,Kids,1892.3
20,Expedita Premium,Books,Fiction,3396.86
21,Est Plus,Home,Decor,630.9
22,Temporibus Pro,Clothing,Women,1707.23
23,Nostrum Pro,Clothing,Kids,3535.28
24,Harum Classic,Books,Fiction,4980.04
25,Magni Classic,Electronics,Mobile,2322.85
26,Deleniti Classic,Books,Comics,4185.1
27,Veritatis Pro,Books,Education,2279.01
28,Iure Pro,Clothing,Women,4518.31
29,Perferendis Plus,Home,Kitchen,4750.15
30,Officiis Classic,Books,Fiction,204.65
31,Occaecati Classic,Home,Kitchen,4166.11
32,Magnam Classic,Clothing,Kids,3894.41
33,Inventore Classic,Electronics,Laptop,4012.72
34,Placeat Pro,Electronics,Accessories,3963.31
35,Quod Classic,Home,Kitchen,2162.71
36,Corrupti Pro,Electronics,Accessories,2614.87
37,Doloribus Classic,Electronics,Laptop,3937.81
38,Tenetur Pro,Home,Furniture,2067.92
39,Sequi Plus,Electronics,Laptop,3080.66
40,Beatae Premium,Electronics,Mobile,3589.55
41,Hic Premium,Books,Comics,585.97
42,Deserunt Classic,Electronics,Accessories,2127.69
43,Quidem Plus,Books,Education,1631.37
44,Eius Classic,Home,Furniture,547.0
45,Fuga Plus,Electronics,Mobile,4077.67
46,Sunt Premium,Electronics,Accessories,4380.68
47,Autem Pro,Books,Comics,1823.07
48,Autem Plus,Clothing,Men,4242.33
49,Ad Premium,Home,Kitchen,4241.26
50,Quae Premium,Electronics,Accessories,3835.81
51,Suscipit Pro,Home,Furniture,3320.99
52,Aliquam Pro,Electronics,Mobile,1943.35
53,Repellendus Classic,Books,Education,3906.49
54,Repellendus Classic,Electronics,Mobile,3402.45
55,Necessitatibus Plus,Home,Furniture,1438.52
56,Rerum Plus,Electronics,Laptop,3006.36
57,Error Classic,Home,Kitchen,137.67
58,Amet Classic,Home,Kitchen,687.92
59,Quod Plus,Books,Comics,3547.99
60,Facilis Plus,Home,Kitchen,191.83
61,Quisquam Plus,Electronics,Laptop,2146.7
62,Quis Pro,Electronics,Laptop,4743.31
63,Optio Premium,Books,Comics,1292.25
64,Ullam Pro,Books,Comics,1763.62
65,Distinctio Pro,Home,Kitchen,2598.77
66,Maiores Classic,Home,Furniture,1066.63
67,Mollitia Pro,Clothing,Kids,2521.17
68,Et Premium,Books,Comics,839.69
69,Repudiandae Plus,Electronics,Laptop,2997.96
70,Illum Pro,Home,Decor,378.76
71,Deleniti Pro,Home,Kitchen,2367.29
72,Officiis Classic,Electronics,Laptop,839.22
73,Provident Pro,Electronics,Laptop,4913.69
74,Quaerat Classic,Electronics,Accessories,4955.83
75,Consectetur Premium,Clothing,Women,3894.88
76,Nam Premium,Electronics,Accessories,3424.06
77,Maiores Classic,Home,Furniture,793.0
78,Provident Plus,Home,Furniture,515.12
79,Accusamus Premium,Books,Comics,4161.9
80,Ut Plus,Electronics,Accessories,1613.44
81,Excepturi Plus,Clothing,Women,859.23
82,Sint Pro,Home,Kitchen,3128.35
83,Vitae Classic,Books,Fiction,3161.23
84,Doloremque Plus,Clothing,Kids,3625.97
85,Quam Premium,Books,Comics,1246.61
86,Deserunt Plus,Clothing,Women,3423.7
87,Occaecati Premium,Books,Education,2151.44
88,Dolore Classic,Clothing,Men,2454.89
89,Dolorum Pro,Home,Decor,710.92
90,Recusandae Premium,Electronics,Mobile,4172.13
91,Recusandae Plus,Electronics,Mobile,2132.99
92,Unde Premium,Books,Comics,1937.07
93,Dignissimos Pro,Electronics,Laptop,3977.77
94,Perspiciatis Premium,Clothing,Men,4172.44
95,Magnam Pro,Books,Education,1156.71
96,Animi Plus,Clothing,Kids,1575.64
97,Est Plus,Electronics,Mobile,407.76
98,Placeat Pro,Books,Comics,3620.87
99,Eveniet Pro,Home,Furniture,2141.18
100,At Premium,Electronics,Accessories,2585.91
101,Fuga Plus,Electronics,Laptop,1929.18
102,Maxime Pro,Electronics,Laptop,3178.46
103,Eveniet Pro,Home,Kitchen,3249.7
104,Animi Plus,Books,Comics,409.19
105,Velit Premium,Books,Fiction,4440.37
106,Enim Plus,Home,Furniture,1341.24
107,Quas Premium,Clothing,Women,3313.08
108,Magni Premium,Home,Kitchen,2254.71
109,Molestias Classic,Books,Education,4629.12
110,Optio Plus,Home,Kitchen,4129.47
111,Odit Pro,Home,Furniture,1601.83
112,Aperiam Plus,Books,Fiction,4363.18
113,Animi Plus,Home,Decor,4744.73
114,Totam Plus,Electronics,Accessories,3429.11
115,Iste Plus,Electronics,Mobile,3914.73
116,Corporis Plus,Home,Furniture,851.85
117,Voluptatibus Premium,Books,Education,774.71
118,Quasi Premium,Home,Furniture,655.9
119,Tempora Plus,Clothing,Women,3897.33
120,Harum Premium,Books,Fiction,1080.87
121,Fuga Plus,Clothing,Men,4986.59
122,Repellendus Premium,Home,Decor,1522.78
123,Quisquam Classic,Home,Kitchen,694.68
124,Reiciendis Classic,Clothing,Men,2814.71
125,Doloribus Classic,Home,Furniture,1615.52
126,Minus Plus,Books,Comics,461.38
127,Ullam Pro,Home,Decor,1788.12
128,Minus Plus,Clothing,Men,4173.81
129,Maiores Classic,Clothing,Women,1204.8
130,Repudiandae Premium,Home,Kitchen,1444.81
131,Ullam Pro,Home,Decor,4713.87
132,Autem Premium,Clothing,Men,4143.66
133,Quas Pro,Electronics,Mobile,1396.81
134,Explicabo Plus,Clothing,Kids,4456.08
135,Minus Premium,Home,Decor,3456.46
136,Et Pro,Home,Furniture,2136.55
137,Quas Premium,Books,Fiction,3619.98
138,Necessitatibus Classic,Home,Furniture,620.3
139,Libero Pro,Clothing,Women,574.38
140,Laborum Plus,Home,Furniture,882.53
141,Placeat Premium,Home,Decor,4980.25
142,Perspiciatis Premium,Books,Education,2026.89
143,Sed Classic,Books,Fiction,1478.65
144,Ab Pro,Books,Education,4424.03
145,Provident Premium,Home,Furniture,2852.9
146,Deserunt Premium,Home,Decor,3845.58
147,Nulla Pro,Home,Decor,1928.67
148,Doloremque Premium,Home,Decor,2594.7
149,Eum Pro,Electronics,Mobile,2421.35
150,Autem Classic,Books,Fiction,896.26
151,Quam Premium,Home,Decor,2500.25
152,Temporibus Pro,Home,Furniture,4901.5
153,Hic Pro,Home,Decor,3312.4
154,Error Pro,Clothing,Kids,3182.22
155,Distinctio Classic,Books,Fiction,638.49
156,Ea Premium,Electronics,Laptop,1099.07
157,Dolore Pro,Books,Comics,2848.35
158,Magni Plus,Books,Comics,4569.41
159,Sed Premium,Home,Decor,3435.65
160,Cumque Plus,Home,Decor,2834.62
161,Ut Premium,Clothing,Women,2496.12
162,Eum Premium,Books,Education,2761.64
163,Nesciunt Classic,Books,Education,3599.29
164,Iure Premium,Home,Furniture,4156.96
165,Cum Premium,Home,Decor,2975.47
166,Perspiciatis Classic,Clothing,Men,2125.18
167,Veniam Classic,Books,Fiction,4652.59
168,Perferendis Plus,Books,Comics,4823.18
169,Perferendis Pro,Home,Furniture,2913.25
170,Eos Plus,Electronics,Mobile,4606.21
171,Rerum Classic,Books,Education,4637.59
172,Dolorem Premium,Electronics,Mobile,4916.67
173,Tenetur Plus,Home,Furniture,2570.64
174,Neque Pro,Home,Kitchen,3276.6
175,Adipisci Premium,Clothing,Men,3810.69
176,Exercitationem Plus,Clothing,Kids,525.02
177,Aperiam Classic,Electronics,Mobile,133.47
178,Debitis Plus,Books,Fiction,1579.53
179,Rem Premium,Electronics,Laptop,679.3
180,Rerum Plus,Home,Kitchen,4450.23
181,Dolorem Pro,Home,Decor,1900.97
182,Deleniti Classic,Clothing,Men,4945.31
183,Suscipit Plus,Home,Furniture,4145.46
184,Quam Pro,Clothing,Kids,1872.75
185,Animi Classic,Electronics,Mobile,1707.78
186,Rem Classic,Books,Fiction,4504.56
187,Dignissimos Plus,Books,Fiction,2863.16
188,Aspernatur Premium,Books,Comics,4100.62
189,Doloremque Pro,Clothing,Kids,412.42
190,Facilis Plus,Electronics,Mobile,3867.96
191,Ducimus Plus,Books,Education,1949.73
192,Quas Classic,Electronics,Accessories,974.52
193,Necessitatibus Classic,Books,Comics,117.02
194,Sapiente Plus,Electronics,Laptop,2706.47
195,Recusandae Plus,Clothing,Men,4693.31
196,Tempore Plus,Electronics,Mobile,4456.3
197,Ad Pro,Clothing,Men,3029.15
198,Ut Pro,Electronics,Mobile,1164.62
199,Id Premium,Electronics,Mobile,2922.94
200,Blanditiis Premium,Home,Kitchen,2654.13
201,Esse Premium,Books,Education,4410.6
202,Occaecati Plus,Clothing,Kids,1787.63
203,Sequi Premium,Books,Comics,1569.45
204,Optio Plus,Clothing,Kids,4301.95
205,Perspiciatis Pro,Clothing,Women,2830.71
206,Dolores Classic,Clothing,Women,487.45
207,Est Pro,Books,Education,352.53
208,Neque Pro,Books,Comics,3832.31
209,Sapiente Classic,Clothing,Women,4789.4
210,Dicta Classic,Electronics,Mobile,4997.9
211,Reprehenderit Classic,Books,Fiction,1675.91
212,Ducimus Plus,Home,Furniture,1381.65
213,Soluta Pro,Books,Education,3831.98
214,Unde Premium,Home,Kitchen,4334.02
215,Quaerat Premium,Clothing,Men,3628.06
216,Fuga Classic,Home,Kitchen,4183.48
217,Doloremque Premium,Books,Comics,4835.89
218,Vitae Classic,Books,Education,785.8
219,Laboriosam Pro,Books,Fiction,464.22
220,Odit Plus,Electronics,Mobile,433.04
221,Saepe Classic,Clothing,Men,3127.39
222,Rerum Plus,Books,Comics,2115.56
223,Atque Premium,Electronics,Accessories,2560.86
224,Eum Pro,Books,Fiction,1280.75
225,Minus Premium,Home,Furniture,4800.56
226,Molestiae Classic,Books,Comics,3451.8
227,Delectus Pro,Electronics,Accessories,2808.24
228,Corrupti Pro,Electronics,Accessories,4242.12
229,Ad Pro,Home,Decor,1225.86
230,Eligendi Pro,Books,Education,1473.83
231,Quasi Premium,Electronics,Mobile,806.54
232,Quae Premium,Books,Fiction,4189.79
233,Vitae Premium,Books,Comics,3973.44
234,Nihil Premium,Electronics,Accessories,4209.51
235,Distinctio Plus,Home,Decor,3207.2
236,Sequi Classic,Books,Education,2216.05
237,Consequatur Premium,Books,Fiction,501.99
238,Dolorum Classic,Clothing,Women,622.1
239,Pariatur Plus,Electronics,Laptop,749.28
240,Sint Plus,Clothing,Women,606.14
241,Sapiente Pro,Electronics,Laptop,4332.22
242,Amet Plus,Electronics,Laptop,4515.57
243,Quibusdam Classic,Clothing,Kids,1417.7
244,Provident Classic,Home,Furniture,2163.4
245,Cumque Premium,Books,Fiction,3162.67
246,Consectetur Pro,Clothing,Women,2038.89
247,Perspiciatis Plus,Books,Education,4311.59
248,Unde Premium,Clothing,Women,2447.15
249,Delectus Premium,Clothing,Women,2505.94
250,Sed Plus,Clothing,Women,1888.58
251,Quis Classic,Clothing,Kids,4769.72
252,A Classic,Books,Comics,3494.89
253,Veritatis Plus,Books,Comics,1338.14
254,Totam Plus,Clothing,Kids,4954.43
255,Non Plus,Books,Comics,4361.21
256,Quasi Pro,Books,Comics,4487.96
257,Nihil Classic,Electronics,Mobile,3270.3
258,Maxime Plus,Electronics,Accessories,4001.53
259,Aperiam Pro,Electronics,Mobile,2642.11
260,Voluptatem Premium,Clothing,Women,2984.09
261,Quia Pro,Clothing,Women,4610.68
262,Nobis Classic,Electronics,Mobile,3942.92
263,Eum Plus,Books,Education,2316.99
264,Perspiciatis Pro,Electronics,Laptop,4260.98
265,Modi Classic,Electronics,Accessories,2628.37
266,Laudantium Plus,Clothing,Women,2084.73
267,Repudiandae Plus,Clothing,Men,4427.18
268,Voluptatem Plus,Books,Comics,1108.34
269,Repellat Pro,Electronics,Accessories,1892.39
270,Consequuntur Pro,Clothing,Women,2685.8
271,Nisi Plus,Home,Decor,1804.83
272,Deleniti Classic,Books,Comics,1557.48
273,Facere Classic,Electronics,Accessories,673.05
274,Perferendis Classic,Home,Decor,775.55
275,Eveniet Classic,Books,Education,4603.89
276,Blanditiis Classic,Clothing,Kids,1641.44
277,Id Pro,Books,Comics,2474.58
278,Sapiente Plus,Clothing,Women,3579.7
279,Quisquam Classic,Books,Education,3829.18
280,Nemo Premium,Home,Kitchen,3925.63
281,Facere Pro,Books,Comics,2761.22
282,Eaque Pro,Home,Decor,1170.86
283,Ab Classic,Books,Fiction,2303.69
284,Voluptatum Plus,Home,Kitchen,4078.26
285,Ab Premium,Clothing,Kids,2198.02
286,Repellat Classic,Clothing,Men,2708.18
287,Quasi Premium,Clothing,Women,4304.28
288,Cumque Plus,Electronics,Mobile,4348.53
289,Quasi Classic,Clothing,Kids,4159.56
290,Ab Classic,Books,Education,2129.7
291,Minus Pro,Books,Fiction,3504.05
292,Ullam Plus,Home,Furniture,3893.26
293,Enim Plus,Electronics,Accessories,4265.52
294,Voluptas Plus,Books,Fiction,1682.04
295,Ipsam Classic,Home,Furniture,1784.32
296,Nemo Pro,Electronics,Mobile,179.78
297,Magni Plus,Clothing,Women,1091.36
298,Corrupti Premium,Clothing,Kids,1442.7
299,Dolor Pro,Home,Furniture,911.07
300,Nobis Premium,Books,Comics,2203.23
301,Totam Pro,Electronics,Accessories,750.23
302,Reprehenderit Plus,Clothing,Kids,4103.83
303,Explicabo Classic,Books,Comics,537.72
304,Facilis Premium,Electronics,Mobile,1975.33
305,Quidem Classic,Clothing,Kids,3090.56
306,Nisi Premium,Clothing,Women,841.73
307,Recusandae Plus,Books,Comics,592.28
308,Maiores Plus,Electronics,Accessories,3976.28
309,Similique Pro,Clothing,Women,3633.78
310,Harum Pro,Home,Decor,1578.08
311,Vero Plus,Clothing,Kids,4499.77
312,Nam Plus,Clothing,Women,3010.26
313,Enim Premium,Electronics,Laptop,2885.06
314,Neque Classic,Home,Decor,3874.8
315,Quod Pro,Electronics,Accessories,4620.64
316,Quos Premium,Books,Comics,2135.62
317,Perspiciatis Classic,Books,Fiction,2605.39
318,Dolorum Premium,Clothing,Men,4189.18
319,Maxime Plus,Electronics,Laptop,383.74
320,Ratione Pro,Electronics,Laptop,1615.52
321,Quos Pro,Clothing,Men,902.78
322,Perspiciatis Premium,Home,Decor,3927.51
323,Explicabo Pro,Home,Decor,4054.83
324,Inventore Pro,Home,Decor,3174.91
325,Repellat Premium,Books,Education,917.72
326,Laborum Pro,Clothing,Women,665.13
327,Voluptatibus Pro,Electronics,Mobile,1976.6
328,Nam Pro,Clothing,Men,3729.26
329,Deserunt Premium,Books,Fiction,1667.68
330,Unde Premium,Electronics,Accessories,358.09
331,Cumque Pro,Clothing,Kids,2378.96
332,Eum Premium,Home,Furniture,1907.7
333,Occaecati Premium,Home,Decor,1904.54
334,Voluptates Classic,Books,Fiction,217.16
335,Dolorem Pro,Home,Decor,3320.79
336,Consequuntur Classic,Home,Kitchen,2510.94
337,Error Premium,Electronics,Mobile,4496.71
338,Quaerat Premium,Books,Comics,2945.78
339,Natus Plus,Clothing,Kids,2231.42
340,Labore Premium,Clothing,Men,4024.0
341,Quo Plus,Home,Furniture,1093.29
342,Sint Pro,Electronics,Mobile,2091.91
343,Voluptatem Plus,Home,Kitchen,687.58
344,Vitae Premium,Clothing,Kids,297.62
345,Voluptatibus Pro,Home,Kitchen,2041.6
346,Asperiores Premium,Electronics,Accessories,252.3
347,Dolorem Classic,Books,Education,3989.67
348,Molestias Pro,Electronics,Mobile,740.5
349,Tempora Pro,Books,Education,4082.46
350,Ab Classic,Electronics,Mobile,731.08
351,Consectetur Pro,Home,Kitchen,4628.25
352,Dignissimos Plus,Books,Comics,2190.65
353,Optio Classic,Home,Kitchen,828.29
354,Sapiente Premium,Clothing,Kids,2447.25
355,Nostrum Plus,Electronics,Laptop,4434.8
356,Commodi Pro,Clothing,Kids,1859.65
357,At Premium,Books,Education,1662.5
358,Fuga Premium,Clothing,Men,2694.22
359,Est Pro,Clothing,Men,2715.08
360,Maxime Plus,Electronics,Mobile,4241.58
361,Beatae Premium,Clothing,Men,4578.5
362,Sequi Premium,Electronics,Accessories,2859.23
363,Amet Premium,Clothing,Women,375.22
364,Molestiae Plus,Clothing,Men,1087.18
365,Natus Classic,Clothing,Women,1685.59
366,Sint Classic,Electronics,Mobile,4317.28
367,Ullam Plus,Electronics,Laptop,1680.76
368,Quasi Plus,Clothing,Kids,3280.98
369,Illo Premium,Clothing,Kids,959.22
370,Saepe Premium,Home,Decor,4749.06
371,Aspernatur Pro,Books,Comics,4063.15
372,Doloribus Pro,Clothing,Kids,3752.18
373,Tempore Premium,Clothing,Women,534.76
374,Possimus Pro,Home,Furniture,432.19
375,Nulla Pro,Home,Kitchen,2156.3
376,Accusamus Plus,Clothing,Women,1939.2
377,Eligendi Classic,Books,Comics,4244.24
378,Unde Premium,Home,Kitchen,1774.86
379,Quas Pro,Books,Fiction,556.21
380,Illo Pro,Books,Comics,3075.86
381,Earum Pro,Books,Fiction,1030.92
382,Aliquid Premium,Home,Decor,2025.22
383,Sapiente Pro,Books,Fiction,1543.29
384,Quaerat Pro,Books,Fiction,1529.88
385,Quas Pro,Electronics,Laptop,2496.57
386,Voluptatem Plus,Home,Kitchen,1910.07
387,Eveniet Premium,Books,Fiction,4201.69
388,Sint Pro,Electronics,Mobile,2753.1
389,Dolores Pro,Clothing,Kids,2151.3
390,Veniam Classic,Books,Comics,4523.61
391,Amet Classic,Electronics,Accessories,947.11
392,Magni Classic,Clothing,Men,4942.57
393,Excepturi Classic,Books,Fiction,4562.94
394,Ullam Plus,Electronics,Mobile,4297.46
395,A Plus,Books,Fiction,2876.31
396,Dolore Pro,Electronics,Mobile,4412.67
397,Commodi Plus,Books,Education,2417.93
398,Harum Plus,Clothing,Women,3498.94
399,Natus Premium,Electronics,Laptop,2428.57
400,Libero Pro,Home,Furniture,1623.65
401,Velit Pro,Books,Comics,1572.35
402,Nam Premium,Books,Education,537.51
403,Necessitatibus Plus,Books,Fiction,4349.23
404,Repudiandae Classic,Electronics,Accessories,2076.59
405,Eligendi Classic,Electronics,Mobile,382.37
406,Quas Pro,Electronics,Laptop,1442.49
407,Accusantium Plus,Books,Comics,249.76
408,Voluptatibus Plus,Home,Furniture,2975.71
409,Atque Classic,Home,Furniture,4171.26
410,Consectetur Pro,Electronics,Laptop,2904.06
411,Quo Classic,Clothing,Men,2106.59
412,Id Pro,Electronics,Accessories,948.68
413,Ratione Premium,Electronics,Mobile,3592.43
414,Reprehenderit Plus,Home,Furniture,1169.22
415,Laudantium Plus,Home,Decor,4997.2
416,Laborum Premium,Home,Decor,412.8
417,Harum Premium,Home,Decor,3584.36
418,Et Classic,Home,Kitchen,378.2
419,Sequi Premium,Books,Comics,3311.46
420,Earum Plus,Home,Furniture,2956.82
421,Odit Classic,Clothing,Women,2431.1
422,Necessitatibus Premium,Home,Decor,4394.82
423,Repellat Pro,Clothing,Women,3653.41
424,Ab Premium,Clothing,Kids,1194.31
425,Facilis Premium,Home,Furniture,2372.43
426,Doloribus Pro,Electronics,Laptop,4727.07
427,Nemo Classic,Electronics,Laptop,1970.18
428,Quae Pro,Home,Furniture,4962.5
429,Corrupti Plus,Home,Furniture,983.75
430,Ratione Premium,Electronics,Laptop,3209.04
431,Aut Premium,Electronics,Laptop,2923.77
432,Provident Pro,Clothing,Women,2204.11
433,Impedit Plus,Books,Education,3680.23
434,Laboriosam Classic,Electronics,Laptop,3694.66
435,Cum Premium,Clothing,Kids,2566.35
436,Quam Pro,Home,Kitchen,1525.06
437,Facere Classic,Home,Furniture,1860.33
438,Quidem Plus,Clothing,Men,4925.91
439,Repellat Pro,Clothing,Kids,1896.3
440,Explicabo Premium,Electronics,Laptop,3010.23
441,Voluptate Pro,Electronics,Accessories,3479.77
442,Numquam Plus,Books,Education,3539.15
443,Minus Pro,Clothing,Kids,3346.17
444,Recusandae Classic,Home,Decor,2606.77
445,Perspiciatis Pro,Electronics,Laptop,3084.11
446,Exercitationem Classic,Home,Decor,885.83
447,Labore Plus,Books,Fiction,3391.0
448,Officia Plus,Electronics,Accessories,2607.36
449,Vero Classic,Electronics,Laptop,1394.21
450,Officia Classic,Electronics,Mobile,1865.05
451,Repudiandae Pro,Home,Furniture,324.86
452,Aliquam Classic,Clothing,Kids,4779.94
453,Perspiciatis Pro,Home,Decor,657.78
454,Cum Premium,Books,Education,2443.4
455,Facilis Classic,Books,Comics,387.37
456,Atque Plus,Clothing,Men,2887.82
457,Modi Plus,Books,Fiction,4326.62
458,Tempora Plus,Clothing,Women,325.26
459,Est Premium,Home,Decor,2671.61
460,Veritatis Premium,Clothing,Kids,3129.37
461,Voluptates Classic,Books,Comics,3242.88
462,Eum Pro,Clothing,Kids,2577.28
463,Ipsam Classic,Books,Education,1280.37
464,Neque Classic,Home,Kitchen,4103.81
465,Libero Plus,Electronics,Laptop,4297.29
466,Quas Pro,Books,Education,187.07
467,Quidem Pro,Books,Education,545.39
468,Accusamus Classic,Home,Decor,1770.19
469,Voluptates Plus,Electronics,Mobile,3039.76
470,Fuga Plus,Home,Decor,1186.56
471,Expedita Premium,Home,Furniture,620.98
472,Illo Classic,Clothing,Women,2105.13
473,Consectetur Classic,Home,Decor,2025.19
474,Natus Premium,Books,Fiction,4640.47
475,Veniam Plus,Electronics,Laptop,759.72
476,Laboriosam Pro,Books,Fiction,2967.09
477,Autem Classic,Clothing,Kids,1998.29
478,Quod Plus,Home,Decor,3493.33
479,Dolorum Plus,Clothing,Women,2318.94
480,Pariatur Plus,Clothing,Men,2610.24
481,Ipsam Classic,Home,Decor,1523.84
482,Libero Classic,Home,Decor,4795.8
483,Esse Pro,Home,Decor,2955.75
484,Rem Premium,Books,Comics,162.58
485,Fugiat Plus,Electronics,Mobile,1079.52
486,Ducimus Premium,Clothing,Women,3943.35
487,Vero Pro,Clothing,Kids,3118.93
488,Eaque Plus,Clothing,Kids,4014.23
489,Praesentium Pro,Home,Decor,4787.84
490,Eligendi Pro,Home,Decor,3140.75
491,Ex Premium,Books,Fiction,3056.6
492,Excepturi Plus,Clothing,Women,1016.19
493,Fuga Pro,Clothing,Kids,2827.33
494,Enim Premium,Clothing,Men,4693.72
495,Eum Premium,Electronics,Mobile,3164.3
496,Eligendi Premium,Home,Furniture,2674.44
497,Expedita Pro,Clothing,Kids,2761.09
498,Sit Premium,Books,Fiction,1726.23
499,Magnam Classic,Home,Furniture,2426.8
500,Dolor Premium,Electronics,Mobile,3107.14
